Date,Open,High,Low,Close,Adj Close,Volume
02-01-2015,28.620001,28.82,28.530001,28.690001,27.024069,2421600
05-01-2015,28.42,28.540001,27.77,27.92,26.298779,3434400
06-01-2015,27.91,27.91,27.35,27.51,25.912586,1992700
07-01-2015,27.620001,27.85,27.459999,27.540001,25.940847,2172200
08-01-2015,27.73,28.02,27.73,27.879999,26.261103,1524800
09-01-2015,27.870001,27.91,27.559999,27.639999,26.035038,2367100
12-01-2015,27.42,27.459999,27.040001,27.200001,25.620586,2488700
13-01-2015,27.299999,27.48,26.799999,27.08,25.507553,1601200
14-01-2015,26.82,26.92,26.41,26.91,25.347425,3654800
15-01-2015,27.190001,27.190001,26.75,26.76,25.206137,2980300
16-01-2015,26.610001,27.290001,26.610001,27.26,25.677103,2104800
20-01-2015,27.25,27.27,26.92,26.940001,25.375685,1626200
21-01-2015,27.02,27.190001,26.84,27.02,25.45104,2590700
22-01-2015,27.02,27.4,27.02,27.25,25.667683,1732100
23-01-2015,27.24,27.440001,27.209999,27.26,25.677103,1835700
26-01-2015,27.200001,27.290001,27.07,27.190001,25.61117,1179500
27-01-2015,27.040001,27.440001,27.040001,27.389999,25.799555,2233300
28-01-2015,27.4,27.41,26.68,26.700001,25.149622,1797500
29-01-2015,26.700001,26.790001,26.190001,26.58,25.036589,2561800
30-01-2015,26.18,26.77,26.049999,26.440001,24.904718,3414300
02-02-2015,26.65,27.200001,26.65,27.139999,25.56407,1980300
03-02-2015,27.440001,28.059999,27.379999,27.870001,26.25168,4998000
04-02-2015,27.57,27.67,27.23,27.35,25.761875,2442200
05-02-2015,27.530001,27.959999,27.52,27.889999,26.270517,2715400
06-02-2015,27.780001,27.99,27.5,27.610001,26.006777,1532200
09-02-2015,27.690001,28.01,27.690001,27.799999,26.185747,1471900
10-02-2015,27.790001,27.790001,27.42,27.6,25.997362,1989500
11-02-2015,27.4,27.6,27.35,27.52,25.922007,2144800
12-02-2015,27.85,28.01,27.76,27.98,26.355295,1593900
13-02-2015,28.17,28.280001,28.030001,28.08,26.44949,2050500
17-02-2015,28.209999,28.459999,28.059999,28.370001,26.722651,963300
18-02-2015,28.110001,28.18,27.940001,28.059999,26.430649,1445600
19-02-2015,27.719999,27.91,27.620001,27.83,26.214003,1191100
20-02-2015,27.860001,27.9,27.67,27.709999,26.100971,1173800
23-02-2015,27.66,27.809999,27.549999,27.709999,26.100971,2517200
24-02-2015,27.690001,27.91,27.59,27.870001,26.25168,2584900
25-02-2015,28.059999,28.190001,27.959999,28.15,26.515423,945000
26-02-2015,28.07,28.219999,27.950001,27.959999,26.336454,987100
27-02-2015,27.99,28.25,27.99,28.02,26.392971,1369700
02-03-2015,27.969999,28.049999,27.870001,28.030001,26.402395,1098900
03-03-2015,28.120001,28.129999,27.84,27.870001,26.25168,808400
04-03-2015,27.719999,27.940001,27.59,27.889999,26.270517,1076200
05-03-2015,27.870001,28,27.75,27.75,26.138649,1043700
06-03-2015,27.530001,27.67,27.200001,27.27,25.686522,1441600
09-03-2015,27.33,27.389999,27.16,27.16,25.582909,1154200
10-03-2015,26.969999,27,26.58,26.59,25.046009,1535500
11-03-2015,26.6,26.73,26.49,26.6,25.055428,1487700
12-03-2015,26.9,26.950001,26.77,26.790001,25.234396,2049800
13-03-2015,26.690001,26.690001,26.280001,26.559999,25.01775,3360300
16-03-2015,26.639999,26.98,26.58,26.9,25.338007,2505300
17-03-2015,26.77,26.99,26.620001,26.93,25.366266,1797000
18-03-2015,26.82,27.620001,26.73,27.51,25.912586,3492800
19-03-2015,27.120001,27.18,26.83,26.85,25.290913,1505300
20-03-2015,27.27,27.57,27.190001,27.450001,25.856071,2300500
23-03-2015,27.610001,27.690001,27.459999,27.59,25.98794,941100
24-03-2015,27.68,27.889999,27.52,27.809999,26.195166,1235900
25-03-2015,27.969999,28,27.5,27.530001,25.931425,1031000
26-03-2015,27.639999,27.780001,27.389999,27.469999,25.874908,1240800
27-03-2015,27.440001,27.5,27.059999,27.07,25.498137,1537100
30-03-2015,27.09,27.25,27.059999,27.09,25.516973,944800
31-03-2015,26.9,27.27,26.799999,27.18,25.601748,1862400
01-04-2015,27.280001,27.360001,27.09,27.299999,25.714779,1535300
02-04-2015,27.290001,27.66,27.26,27.629999,26.025618,1580600
06-04-2015,27.65,28.09,27.65,27.9,26.27994,1343300
07-04-2015,27.85,28.23,27.85,28,26.374134,1366900
08-04-2015,28.219999,28.33,27.91,28,26.374134,1267000
09-04-2015,28.02,28.25,28.02,28.120001,26.487169,1933500
10-04-2015,28.200001,28.299999,28.18,28.25,26.609617,1028500
13-04-2015,28.25,28.379999,28.16,28.209999,26.571939,517000
14-04-2015,28.389999,28.5,28.379999,28.469999,26.816843,891000
15-04-2015,28.440001,29.16,28.440001,29.030001,27.344326,2377000
16-04-2015,29.07,29.280001,28.889999,29.16,27.466778,2043900
17-04-2015,29.120001,29.139999,28.870001,29.01,27.325487,955000
20-04-2015,29.02,29.27,29.02,29.120001,27.4291,1589600
21-04-2015,29.07,29.110001,28.74,28.879999,27.203033,947100
22-04-2015,28.950001,28.98,28.67,28.940001,27.259552,572300
23-04-2015,28.879999,29.41,28.84,29.32,27.617483,720100
24-04-2015,29.33,29.4,29.18,29.280001,27.579807,1985500
27-04-2015,29.4,29.5,29.25,29.290001,27.58923,1070200
28-04-2015,29.34,29.5,29.290001,29.5,27.787033,868900
29-04-2015,29.43,29.58,29.379999,29.540001,27.824711,1970200
30-04-2015,29.290001,29.32,29,29.120001,27.4291,2126400
01-05-2015,29.07,29.190001,28.99,29.139999,27.447939,1539800
04-05-2015,29.27,29.389999,29.25,29.33,27.626904,935600
05-05-2015,29.459999,29.51,28.92,29,27.316067,939300
06-05-2015,29.09,29.110001,28.610001,28.780001,27.108843,1170200
07-05-2015,28.65,28.68,28.360001,28.67,27.00523,1511000
08-05-2015,28.67,29.02,28.67,28.93,27.250132,1330600
11-05-2015,28.889999,29.1,28.780001,28.860001,27.1842,588900
12-05-2015,28.870001,29.02,28.799999,28.84,27.165358,923800
13-05-2015,28.959999,29.030001,28.709999,28.809999,27.1371,1099300
14-05-2015,28.98,28.99,28.780001,28.85,27.174776,1466600
15-05-2015,28.690001,28.940001,28.6,28.93,27.250132,1535300
18-05-2015,28.68,28.82,28.66,28.709999,27.042904,2260200
19-05-2015,28.5,28.559999,28.34,28.48,26.826263,1698600
20-05-2015,28.440001,28.620001,28.43,28.459999,26.807423,1544200
21-05-2015,28.41,28.77,28.41,28.690001,27.024069,1008000
22-05-2015,28.51,28.540001,28.4,28.48,26.826263,2071900
26-05-2015,28.17,28.219999,27.76,27.9,26.27994,1277700
27-05-2015,27.85,28.01,27.780001,27.940001,26.317617,1581800
28-05-2015,27.870001,28,27.639999,27.99,26.364716,1229500
29-05-2015,27.77,27.85,27.540001,27.780001,26.16691,1647200
01-06-2015,27.76,27.790001,27.450001,27.690001,26.082138,2694400
02-06-2015,27.82,28.129999,27.780001,27.98,26.355295,1295000
03-06-2015,27.889999,28.129999,27.870001,28.01,26.383554,946000
04-06-2015,27.860001,27.9,27.530001,27.65,26.044456,1156700
05-06-2015,27.459999,27.84,27.41,27.700001,26.091553,1483300
08-06-2015,27.690001,27.700001,27.23,27.35,25.761875,1778200
09-06-2015,27.370001,27.709999,27.360001,27.620001,26.016201,2745600
10-06-2015,28.02,28.09,27.93,27.93,26.308199,958200
11-06-2015,27.889999,27.969999,27.73,27.870001,26.25168,1238400
12-06-2015,27.57,27.66,27.51,27.559999,25.959684,1762300
15-06-2015,27.379999,27.629999,27.309999,27.59,25.98794,1739000
16-06-2015,27.58,27.620001,27.450001,27.620001,26.016201,1088200
17-06-2015,27.610001,27.790001,27.459999,27.73,26.119812,2221400
18-06-2015,27.870001,27.92,27.76,27.809999,26.195166,1958600
19-06-2015,27.690001,27.73,27.370001,27.469999,25.874908,2491700
22-06-2015,27.549999,27.74,27.52,27.67,26.063297,1245800
23-06-2015,27.6,27.879999,27.59,27.85,26.232841,1311300
24-06-2015,27.76,27.93,27.709999,27.780001,26.16691,1589100
25-06-2015,27.68,27.74,27.559999,27.6,26.197283,2496400
26-06-2015,27.5,27.559999,27.42,27.530001,26.13084,1034000
29-06-2015,27.09,27.16,26.719999,26.75,25.390482,2364200
30-06-2015,26.809999,26.860001,26.6,26.67,25.314548,1521100
01-07-2015,26.690001,26.809999,26.48,26.559999,25.210138,3287300
02-07-2015,26.6,26.719999,26.450001,26.700001,25.343023,1377200
06-07-2015,26.440001,26.639999,26.049999,26.41,25.067762,1829900
07-07-2015,26.16,26.41,25.799999,26.35,25.010811,3476700
08-07-2015,26.139999,26.24,25.85,25.9,24.583683,4011000
09-07-2015,26.25,26.299999,25.73,25.77,24.460289,1260200
10-07-2015,25.9,26.059999,25.809999,26.040001,24.716566,1516000
13-07-2015,26.040001,26.209999,25.950001,26.16,24.830465,3920300
14-07-2015,26.08,26.280001,25.969999,26.26,24.925386,1522700
15-07-2015,26.15,26.200001,25.92,26.040001,24.716566,2326500
16-07-2015,26.129999,26.18,26.049999,26.07,24.745041,1637600
17-07-2015,26.059999,26.08,25.780001,25.9,24.583683,3500600
20-07-2015,25.889999,25.91,25.48,25.540001,24.241978,2589800
21-07-2015,25.540001,25.75,25.4,25.5,24.20401,2914000
22-07-2015,25.26,25.34,25.1,25.26,23.97621,3545700
23-07-2015,25.309999,25.360001,25.049999,25.129999,23.852814,1971300
24-07-2015,25.049999,25.16,24.93,25.030001,23.757896,2052600
27-07-2015,24.969999,24.99,24.690001,24.75,23.492126,1428700
28-07-2015,24.9,25.200001,24.719999,25.129999,23.852814,1663500
29-07-2015,25.139999,25.559999,25.07,25.5,24.20401,2704700
30-07-2015,25.459999,25.549999,25.24,25.530001,24.232485,1507600
31-07-2015,25.65,25.75,25.49,25.549999,24.251469,1619200
03-08-2015,25.35,25.42,25.17,25.24,23.957224,1396800
04-08-2015,25.360001,25.549999,25.33,25.4,24.109093,1318300
05-08-2015,25.559999,25.719999,25.4,25.41,24.118586,1347300
06-08-2015,25.469999,25.469999,25.25,25.389999,24.0996,2416300
07-08-2015,25.25,25.41,25.07,25.16,23.88129,1193200
10-08-2015,25.219999,25.700001,25.209999,25.68,24.374861,1364800
11-08-2015,25.34,25.379999,25.030001,25.360001,24.071127,1397700
12-08-2015,25.309999,25.51,25.18,25.469999,24.175537,1840300
13-08-2015,25.299999,25.34,25.09,25.15,23.871798,993200
14-08-2015,25.120001,25.32,25.120001,25.16,23.88129,1249200
17-08-2015,25.049999,25.120001,24.92,25.120001,23.843325,1050300
18-08-2015,25,25.1,24.879999,25.040001,23.767389,1080900
19-08-2015,24.889999,24.92,24.52,24.66,23.406704,2985000
20-08-2015,24.540001,24.540001,24.15,24.17,22.941605,2786000
21-08-2015,23.889999,24.08,23.51,23.51,22.315147,3106600
24-08-2015,22.42,23.4,21.9,22.65,21.498856,5855200
25-08-2015,23.48,23.48,22.68,22.690001,21.536823,3739400
26-08-2015,23.25,23.26,22.629999,23.200001,22.020905,4562700
27-08-2015,23.469999,24.25,23.469999,24.040001,22.818214,4143200
28-08-2015,23.85,24.209999,23.799999,24.200001,22.970078,2411900
31-08-2015,24.02,24.35,23.620001,24.27,23.036522,4110200
01-09-2015,23.75,23.92,23.34,23.5,22.305656,2554900
02-09-2015,23.709999,23.709999,23.23,23.549999,22.353115,3331600
03-09-2015,23.65,24.030001,23.549999,23.74,22.533459,2748100
04-09-2015,23.42,23.52,23.280001,23.370001,22.182264,1830000
08-09-2015,23.860001,23.870001,23.67,23.77,22.561934,2758100
09-09-2015,24.02,24.07,23.530001,23.559999,22.362604,2516700
10-09-2015,23.52,23.83,23.5,23.67,22.467014,2887100
11-09-2015,23.530001,23.549999,23.25,23.440001,22.248707,1633800
14-09-2015,23.389999,23.450001,23.24,23.25,22.068361,1496200
15-09-2015,23.24,23.48,23.24,23.440001,22.248707,1946700
16-09-2015,23.6,24.16,23.559999,24.16,22.932112,2361800
17-09-2015,24.120001,24.5,24.01,24.15,22.922621,2691700
18-09-2015,23.879999,24.110001,23.790001,23.84,22.628376,2198000
21-09-2015,23.91,24.110001,23.82,23.959999,22.742275,1949400
22-09-2015,23.65,23.65,23.26,23.370001,22.182264,2079500
23-09-2015,23.389999,23.49,23.030001,23.049999,21.878525,1963600
24-09-2015,22.82,23.120001,22.74,23.040001,21.869036,1535100
25-09-2015,23.27,23.280001,23.01,23.08,21.907001,1651500
28-09-2015,22.940001,22.940001,22.32,22.32,21.185629,1992800
29-09-2015,22.25,22.5,22.190001,22.33,21.195118,2237200
30-09-2015,22.620001,23,22.57,23,21.831068,2084400
01-10-2015,23.219999,23.299999,22.84,23,21.831068,2154500
02-10-2015,22.82,23.35,22.77,23.35,22.16328,2342200
05-10-2015,23.57,23.9,23.57,23.84,22.628376,1589600
06-10-2015,23.91,24.16,23.83,24.120001,22.894146,2939400
07-10-2015,24.370001,24.610001,24.27,24.49,23.245342,3220000
08-10-2015,24.49,24.809999,24.440001,24.780001,23.520605,1455500
09-10-2015,24.879999,25.049999,24.790001,24.92,23.653488,5409800
12-10-2015,24.91,24.91,24.67,24.700001,23.44467,1519700
13-10-2015,24.459999,24.799999,24.41,24.49,23.245342,1273900
14-10-2015,24.559999,24.82,24.559999,24.780001,23.520605,1503000
15-10-2015,24.68,24.860001,24.559999,24.83,23.568062,4564800
16-10-2015,24.83,24.92,24.709999,24.75,23.492126,1445700
19-10-2015,24.549999,24.639999,24.309999,24.370001,23.131439,1767900
20-10-2015,24.469999,24.799999,24.42,24.6,23.349752,876800
21-10-2015,24.58,24.6,23.860001,24.030001,22.80872,1997800
22-10-2015,24.09,24.440001,24.09,24.43,23.188393,1814100
23-10-2015,24.48,24.59,24.35,24.43,23.188393,1703900
26-10-2015,24.459999,24.48,24.15,24.16,22.932112,1114300
27-10-2015,23.969999,24.049999,23.780001,23.870001,22.656853,1817100
28-10-2015,23.98,24.450001,23.969999,24.290001,23.055508,1745700
29-10-2015,24.200001,24.4,24.15,24.209999,22.979572,1031100
30-10-2015,24.129999,24.18,23.799999,23.799999,22.59041,3149800
02-11-2015,23.75,24.01,23.75,23.969999,22.75177,904800
03-11-2015,23.92,24.309999,23.870001,24.280001,23.046017,3156000
04-11-2015,24.23,24.299999,23.9,23.98,22.761261,1457200
05-11-2015,23.9,23.98,23.68,23.75,22.542948,1690500
06-11-2015,23.610001,23.67,23.360001,23.52,22.32464,1801800
09-11-2015,23.559999,23.57,23.24,23.41,22.220228,1724200
10-11-2015,23.290001,23.360001,23.16,23.32,22.134804,1294800
11-11-2015,23.379999,23.43,23.139999,23.209999,22.030396,1230100
12-11-2015,22.93,23,22.76,22.780001,21.62225,1817000
13-11-2015,22.66,22.73,22.5,22.58,21.432411,6048200
16-11-2015,22.530001,23.030001,22.530001,23.030001,21.859543,2318500
17-11-2015,23.049999,23.200001,22.93,23.01,21.840559,2527100
18-11-2015,23.059999,23.25,23.030001,23.23,22.049379,2108300
19-11-2015,23.309999,23.42,23.27,23.41,22.220228,971500
20-11-2015,23.469999,23.5,23.209999,23.24,22.05887,1719600
23-11-2015,23.16,23.379999,23.059999,23.07,21.897509,1806300
24-11-2015,23.1,23.389999,23.08,23.27,22.087345,1953600
25-11-2015,23.219999,23.379999,23.139999,23.24,22.05887,1233800
27-11-2015,23.1,23.200001,23.049999,23.110001,21.935478,889200
30-11-2015,23.08,23.35,23.08,23.27,22.087345,1439800
01-12-2015,23.32,23.620001,23.309999,23.6,22.400574,1647700
02-12-2015,23.5,23.66,23.24,23.280001,22.096838,1534800
03-12-2015,23.450001,23.450001,22.99,23.059999,21.88802,2208600
04-12-2015,23.01,23.110001,22.9,23.1,21.925987,1999000
07-12-2015,22.780001,22.799999,22.24,22.309999,21.176134,1553400
08-12-2015,21.969999,22.18,21.85,21.969999,20.853416,2726200
09-12-2015,21.98,22.49,21.879999,22.08,20.957827,4387500
10-12-2015,21.98,22.32,21.969999,22.08,20.957827,2654800
11-12-2015,21.84,21.870001,21.52,21.57,20.473745,4139800
14-12-2015,21.530001,21.65,21.25,21.43,20.34086,4645400
15-12-2015,21.65,21.92,21.629999,21.83,20.720531,2309600
16-12-2015,21.879999,22.18,21.799999,22.129999,21.005281,2796800
17-12-2015,21.99,22.049999,21.549999,21.629999,20.530697,2437500
18-12-2015,21.5,21.76,21.5,21.629999,20.530697,3695600
21-12-2015,21.530001,21.58,21.23,21.33,20.521074,2767700
22-12-2015,21.35,21.5,21.209999,21.450001,20.636522,2111500
23-12-2015,21.709999,21.959999,21.66,21.92,21.088699,2137100
24-12-2015,21.98,22.059999,21.950001,21.98,21.146423,1000600
28-12-2015,21.790001,21.790001,21.6,21.65,20.828938,1843100
29-12-2015,21.870001,21.969999,21.790001,21.9,21.069456,2197400
30-12-2015,21.860001,21.870001,21.59,21.66,20.838558,1791700
31-12-2015,21.52,21.6,21.42,21.5,20.684628,2122100
04-01-2016,21.16,21.24,20.860001,21.190001,20.386385,1942300
05-01-2016,21.190001,21.24,20.91,21.09,20.290176,2852400
06-01-2016,20.690001,20.85,20.559999,20.629999,19.847622,1403600
07-01-2016,20.24,20.43,20.129999,20.139999,19.376204,1983400
08-01-2016,20.27,20.299999,20.02,20.049999,19.289618,1790400
11-01-2016,20.18,20.219999,19.58,19.780001,19.029858,2890200
12-01-2016,19.91,20.040001,19.49,19.82,19.06834,3143000
13-01-2016,19.99,20.110001,19.27,19.379999,18.645023,3448700
14-01-2016,19.34,19.73,19.16,19.629999,18.885546,3559300
15-01-2016,19.02,19.209999,18.790001,18.969999,18.250576,2587100
19-01-2016,19.110001,19.110001,18.68,18.889999,18.173609,3869300
20-01-2016,18.5,18.84,18.07,18.65,17.942713,5412900
21-01-2016,18.75,19.35,18.66,19.25,18.519957,5820700
22-01-2016,19.799999,20.059999,19.790001,20.01,19.251137,3776200
25-01-2016,19.83,19.91,19.440001,19.48,18.741234,3105500
26-01-2016,19.719999,20.15,19.67,20.030001,19.270378,4163600
27-01-2016,19.98,20.43,19.83,20.059999,19.299238,3959500
28-01-2016,20.450001,20.59,20.200001,20.540001,19.761036,3010400
29-01-2016,20.74,20.91,20.51,20.91,20.117002,3694100
01-02-2016,20.799999,20.889999,20.49,20.809999,20.020794,3683800
02-02-2016,20.360001,20.389999,20.17,20.299999,19.530136,1977100
03-02-2016,20.690001,20.940001,20.200001,20.9,20.10738,3138900
04-02-2016,21,21.459999,21,21.26,20.453728,4496700
05-02-2016,21.139999,21.190001,20.91,20.98,20.184347,6392200
08-02-2016,20.780001,20.780001,20.450001,20.58,19.799519,2386600
09-02-2016,20.4,20.58,20.02,20.200001,19.433931,3212300
10-02-2016,20.24,20.48,19.959999,19.99,19.231894,3642200
11-02-2016,19.65,19.83,19.48,19.799999,19.049099,3533200
12-02-2016,19.99,20.43,19.959999,20.41,19.635963,2126400
16-02-2016,20.67,20.74,20.33,20.719999,19.934208,4853700
17-02-2016,21,21.549999,20.969999,21.549999,20.732731,5485200
18-02-2016,21.67,21.67,21.379999,21.540001,20.72311,1960200
19-02-2016,21.200001,21.32,21.040001,21.299999,20.49221,1609000
22-02-2016,21.629999,21.75,21.43,21.450001,20.636522,4572400
23-02-2016,21.35,21.549999,21.120001,21.18,20.376764,2198600
24-02-2016,20.889999,21.280001,20.59,21.23,20.424868,2010500
25-02-2016,21.32,21.530001,21.200001,21.49,20.675005,1541000
26-02-2016,21.700001,21.83,21.58,21.629999,20.809698,2672600
29-02-2016,21.690001,21.83,21.58,21.629999,20.809698,2672300
01-03-2016,21.889999,22.15,21.83,22.110001,21.271494,2570800
02-03-2016,22.02,22.15,21.77,22.15,21.309975,3290700
03-03-2016,22.129999,22.469999,22.09,22.389999,21.540873,3450000
04-03-2016,22.440001,22.73,22.43,22.620001,21.762154,2072400
07-03-2016,22.540001,23.139999,22.540001,23.040001,22.166225,3732200
08-03-2016,22.85,22.9,22.59,22.68,21.819878,8121400
09-03-2016,22.799999,23.209999,22.799999,23.1,22.223949,4000500
10-03-2016,23.120001,23.25,22.700001,22.92,22.050774,6582100
11-03-2016,23.280001,23.440001,23.209999,23.389999,22.502949,2543900
14-03-2016,23.299999,23.360001,23.110001,23.27,22.387501,2826500
15-03-2016,22.969999,22.99,22.73,22.99,22.11812,2628900
16-03-2016,22.99,23.549999,22.98,23.49,22.599159,2148200
17-03-2016,23.780001,24.08,23.65,23.950001,23.041716,3266400
18-03-2016,24.030001,24.049999,23.66,23.709999,22.810812,4818700
21-03-2016,23.629999,23.77,23.549999,23.709999,22.810812,2349400
22-03-2016,23.58,23.780001,23.57,23.700001,22.801195,1245200
23-03-2016,23.530001,23.540001,23.139999,23.200001,22.320156,3000400
24-03-2016,22.91,23.09,22.790001,23.09,22.214327,1137000
28-03-2016,23.129999,23.26,22.98,23.23,22.349018,1860200
29-03-2016,23.1,23.540001,22.99,23.469999,22.579916,1573300
30-03-2016,23.73,24,23.709999,23.799999,22.897402,1548400
31-03-2016,23.870001,24.040001,23.709999,23.709999,22.810812,1627800
01-04-2016,23.370001,23.610001,23.209999,23.610001,22.714607,2949600
04-04-2016,23.57,23.620001,23.25,23.32,22.435604,1617900
05-04-2016,22.98,23.120001,22.92,23.08,22.204706,831000
06-04-2016,23.08,23.290001,22.93,23.280001,22.397121,4200200
07-04-2016,23.110001,23.16,22.889999,23.02,22.146982,2297300
08-04-2016,23.41,23.620001,23.17,23.5,22.60878,2828700
11-04-2016,23.68,23.9,23.68,23.719999,22.820435,1031500
12-04-2016,23.82,24.379999,23.780001,24.280001,23.3592,2755200
13-04-2016,24.34,24.48,24.24,24.379999,23.455406,2358800
14-04-2016,24.440001,24.440001,24.23,24.32,23.39768,1961500
15-04-2016,24.23,24.299999,24.1,24.24,23.320715,1363400
18-04-2016,24,24.48,23.93,24.450001,23.522753,2754700
19-04-2016,24.75,25.01,24.700001,24.98,24.032652,2243600
20-04-2016,24.93,25.299999,24.91,25.120001,24.167343,2095600
21-04-2016,25.139999,25.17,24.84,24.93,23.984549,2105300
22-04-2016,25.01,25.24,24.940001,25.059999,24.109615,1845800
25-04-2016,25.02,25.02,24.82,24.889999,23.946062,4581700
26-04-2016,24.99,25.129999,24.93,25.059999,24.109615,2326600
27-04-2016,25.120001,25.25,24.92,25.18,24.225065,1894500
28-04-2016,25.17,25.51,25.01,25.26,24.302034,2681100
29-04-2016,25.33,25.52,25.26,25.4,24.436722,2890400
02-05-2016,25.52,25.52,25.15,25.25,24.29241,2721200
03-05-2016,24.870001,24.93,24.5,24.629999,23.695923,3950000
04-05-2016,24.370001,24.459999,24.02,24.16,23.243748,2801700
05-05-2016,24.42,24.459999,24.040001,24.15,23.234127,3311700
06-05-2016,23.99,24.290001,23.950001,24.18,23.262989,3159500
09-05-2016,23.950001,23.98,23.690001,23.799999,22.897402,2541100
10-05-2016,23.879999,24.290001,23.879999,24.24,23.320715,4659400
11-05-2016,24.34,24.48,24.18,24.34,23.416924,2790400
12-05-2016,24.59,24.68,24.17,24.41,23.484266,3200500
13-05-2016,24.23,24.370001,24.1,24.139999,23.224506,2933400
16-05-2016,24.35,24.57,24.34,24.5,23.570854,2122600
17-05-2016,24.41,24.700001,24.360001,24.549999,23.618958,4720500
18-05-2016,24.33,24.58,24.110001,24.200001,23.28223,6984900
19-05-2016,23.870001,24.02,23.690001,24.02,23.109058,3979700
20-05-2016,24.110001,24.25,24.049999,24.16,23.243748,3126700
23-05-2016,24.110001,24.25,23.950001,24.120001,23.205267,1590400
24-05-2016,24.129999,24.42,24.120001,24.16,23.243748,2592700
25-05-2016,24.299999,24.67,24.290001,24.610001,23.676682,2775600
26-05-2016,24.93,24.969999,24.66,24.73,23.792131,2505000
27-05-2016,24.620001,24.790001,24.57,24.73,23.792131,2065700
31-05-2016,24.67,24.82,24.440001,24.48,23.551613,8511300
01-06-2016,24.379999,24.58,24.27,24.540001,23.609339,2820300
02-06-2016,24.379999,24.66,24.360001,24.610001,23.676682,1122900
03-06-2016,24.9,25.120001,24.85,25.049999,24.099995,2879200
06-06-2016,25.15,25.440001,25.15,25.389999,24.427101,1859900
07-06-2016,25.48,25.690001,25.43,25.65,24.67724,2947200
08-06-2016,25.950001,26.01,25.620001,25.67,24.696484,1606300
09-06-2016,25.450001,25.540001,25.360001,25.48,24.513687,2159600
10-06-2016,25.34,25.4,24.959999,25.049999,24.099995,1783300
13-06-2016,24.85,25.1,24.85,24.9,23.955685,2107500
14-06-2016,24.77,24.889999,24.52,24.58,23.647821,2463600
15-06-2016,24.5,24.700001,24.459999,24.5,23.570854,2819100
16-06-2016,24.25,24.42,23.98,24.379999,23.455406,2110700
17-06-2016,24.58,24.74,24.52,24.58,23.647821,1784700
20-06-2016,24.99,25.059999,24.870001,24.92,23.974926,3099600
21-06-2016,24.92,25.02,24.77,24.940001,23.994167,1315600
22-06-2016,24.809999,24.870001,24.629999,24.65,23.903015,2488000
23-06-2016,24.99,25.129999,24.950001,25.049999,24.290894,2659800
24-06-2016,24.01,24.48,23.84,24.139999,23.408472,3755900
27-06-2016,23.91,23.93,23.440001,23.620001,22.90423,2408100
28-06-2016,23.92,24,23.780001,23.98,23.253319,2102000
29-06-2016,24.190001,24.42,24.16,24.370001,23.631504,3076800
30-06-2016,24.49,24.559999,24.25,24.51,23.76726,6703400
01-07-2016,24.629999,24.84,24.58,24.83,24.07756,2061200
05-07-2016,24.77,24.83,24.57,24.58,23.835138,3189300
06-07-2016,24.540001,24.74,24.309999,24.73,23.980591,2658600
07-07-2016,24.860001,24.950001,24.389999,24.49,23.747864,2885200
08-07-2016,24.58,24.76,24.58,24.639999,23.893318,1303400
11-07-2016,24.629999,24.790001,24.629999,24.66,23.912712,1666400
12-07-2016,24.950001,25.139999,24.940001,25.07,24.310287,2533600
13-07-2016,25.110001,25.280001,25.01,25.15,24.387863,1532900
14-07-2016,25.4,25.5,25.280001,25.41,24.639986,853100
15-07-2016,25.43,25.440001,25.219999,25.280001,24.513926,2080900
18-07-2016,25.23,25.389999,25.139999,25.379999,24.610893,920700
19-07-2016,25.200001,25.23,25.120001,25.200001,24.43635,709200
20-07-2016,25.059999,25.280001,25.030001,25.200001,24.43635,780200
21-07-2016,25.200001,25.33,25.129999,25.139999,24.378168,1180800
22-07-2016,25.200001,25.200001,24.98,25.110001,24.349077,1574000
25-07-2016,24.92,24.969999,24.75,24.790001,24.038776,864400
26-07-2016,24.809999,24.969999,24.809999,24.959999,24.203621,1256100
27-07-2016,25,25.110001,24.709999,24.950001,24.193926,1187700
28-07-2016,24.969999,25.059999,24.870001,24.98,24.223015,1055500
29-07-2016,25.040001,25.309999,24.98,25.24,24.47514,809200
01-08-2016,25.120001,25.16,24.9,24.93,24.174532,1565300
02-08-2016,25.1,25.17,24.790001,24.9,24.145441,1849400
03-08-2016,24.860001,25.1,24.83,25.1,24.33938,1360700
04-08-2016,25.030001,25.190001,24.99,25.129999,24.368471,1791500
05-08-2016,24.969999,25.110001,24.940001,25.110001,24.349077,1118800
08-08-2016,25.190001,25.389999,25.15,25.33,24.56241,5489800
09-08-2016,25.379999,25.57,25.379999,25.48,24.707865,6738400
10-08-2016,25.690001,25.73,25.51,25.530001,24.75635,1150600
11-08-2016,25.690001,25.870001,25.65,25.82,25.037561,3631000
12-08-2016,25.879999,25.879999,25.66,25.73,24.950289,1516200
15-08-2016,25.85,25.93,25.82,25.860001,25.076349,1265800
16-08-2016,25.950001,25.959999,25.790001,25.889999,25.10544,1210200
17-08-2016,25.809999,25.93,25.68,25.860001,25.076349,1750600
18-08-2016,25.950001,26.07,25.940001,26.040001,25.250895,977900
19-08-2016,25.84,25.889999,25.709999,25.870001,25.086046,967800
22-08-2016,25.709999,25.82,25.6,25.790001,25.008472,932700
23-08-2016,25.91,26.07,25.91,25.940001,25.153925,897900
24-08-2016,25.860001,25.950001,25.68,25.73,24.950289,1066200
25-08-2016,25.700001,25.76,25.620001,25.690001,24.911501,823900
26-08-2016,25.85,26.08,25.530001,25.6,24.824228,2275500
29-08-2016,25.530001,25.719999,25.49,25.65,24.872713,893000
30-08-2016,25.610001,25.77,25.5,25.530001,24.75635,2038700
31-08-2016,25.41,25.459999,25.200001,25.309999,24.543015,2319500
01-09-2016,25.25,25.530001,25.25,25.49,24.717562,2793400
02-09-2016,25.74,25.950001,25.74,25.860001,25.076349,1874600
06-09-2016,26.08,26.200001,25.98,26.17,25.376955,2864900
07-09-2016,26.200001,26.209999,25.950001,26.07,25.279985,1897500
08-09-2016,26,26.139999,25.889999,26.02,25.231501,1829400
09-09-2016,25.67,25.719999,25.27,25.35,24.581806,1966700
12-09-2016,25.09,25.5,25.049999,25.440001,24.669077,4025600
13-09-2016,25.09,25.110001,24.700001,24.77,24.019381,2877700
14-09-2016,24.719999,25.02,24.709999,24.75,23.999987,2814900
15-09-2016,24.77,25.200001,24.77,25.09,24.329683,2296300
16-09-2016,24.91,24.969999,24.799999,24.91,24.155138,1161600
19-09-2016,25.16,25.200001,24.969999,25,24.242411,1328800
20-09-2016,25.030001,25.129999,24.99,25.02,24.261806,1243200
21-09-2016,25.18,25.559999,25.18,25.540001,24.766047,2256200
22-09-2016,25.889999,25.98,25.75,25.77,24.989077,1485800
23-09-2016,25.58,25.639999,25.370001,25.43,24.65938,1044100
26-09-2016,25.379999,25.4,25.16,25.200001,24.43635,1173000
27-09-2016,25.040001,25.209999,24.940001,25.18,24.416956,902100
28-09-2016,25.200001,25.700001,25.1,25.68,24.901806,1954400
29-09-2016,25.75,25.860001,25.49,25.610001,24.833925,1957500
30-09-2016,25.83,25.860001,25.639999,25.690001,24.911501,1578900
03-10-2016,25.68,25.690001,25.48,25.639999,24.863014,3227900
04-10-2016,25.48,25.559999,25.1,25.23,24.465439,2768700
05-10-2016,25.360001,25.52,25.33,25.450001,24.678774,1900500
06-10-2016,25.370001,25.450001,25.26,25.35,24.581806,1144500
07-10-2016,25.41,25.42,24.99,25.139999,24.378168,1295900
10-10-2016,25.360001,25.58,25.299999,25.41,24.639986,1825700
11-10-2016,25.360001,25.360001,25.15,25.219999,24.455742,2380100
12-10-2016,25.209999,25.370001,25.110001,25.27,24.504229,1369900
13-10-2016,25.18,25.49,25.01,25.379999,24.610893,2770600
14-10-2016,25.559999,25.690001,25.41,25.42,24.649683,1473200
17-10-2016,25.42,25.530001,25.4,25.49,24.717562,1712200
18-10-2016,25.76,25.809999,25.610001,25.74,24.959986,1315400
19-10-2016,25.9,26.1,25.799999,25.92,25.134531,2956300
20-10-2016,25.77,25.84,25.65,25.74,24.959986,1640100
21-10-2016,25.530001,25.709999,25.440001,25.700001,24.921198,1132200
24-10-2016,25.67,25.719999,25.49,25.58,24.804834,1152900
25-10-2016,25.639999,25.700001,25.530001,25.559999,24.78544,1681500
26-10-2016,25.41,25.59,25.389999,25.469999,24.698166,1902900
27-10-2016,25.639999,25.639999,25.450001,25.51,24.736956,1163700
28-10-2016,25.49,25.629999,25.370001,25.450001,24.678774,1955700
31-10-2016,25.360001,25.49,25.32,25.35,24.581806,1478700
01-11-2016,25.5,25.559999,25.24,25.379999,24.610893,2249500
02-11-2016,25.33,25.360001,25.07,25.1,24.33938,3600800
03-11-2016,25.15,25.219999,25.02,25.07,24.310287,1846600
04-11-2016,24.940001,25.030001,24.809999,24.93,24.174532,1326600
07-11-2016,25.15,25.280001,25.120001,25.25,24.484835,1287600
08-11-2016,25.190001,25.459999,25.17,25.41,24.639986,1330700
09-11-2016,25.08,25.49,25.059999,25.450001,24.678774,9953000
10-11-2016,25.32,25.49,25.209999,25.299999,24.533318,3434400
11-11-2016,25.200001,25.209999,24.74,24.85,24.096956,2745200
14-11-2016,24.9,24.92,24.75,24.889999,24.135742,3383900
15-11-2016,25.040001,25.370001,24.99,25.370001,24.601198,1683700
16-11-2016,25.280001,25.379999,25.200001,25.32,24.552713,1714600
17-11-2016,25.43,25.58,25.389999,25.42,24.649683,1965400
18-11-2016,25.43,25.49,25.34,25.459999,24.688471,2663800
21-11-2016,25.74,25.99,25.74,25.98,25.192713,1660500
22-11-2016,26.1,26.110001,25.879999,25.98,25.192713,1884100
23-11-2016,25.77,26.01,25.77,25.93,25.144228,1488400
25-11-2016,25.85,25.940001,25.85,25.879999,25.095741,1018900
28-11-2016,26.059999,26.07,25.879999,25.9,25.115139,1796300
29-11-2016,25.780001,25.93,25.709999,25.85,25.066652,2133600
30-11-2016,26.049999,26.209999,25.98,26.01,25.221804,12249300
01-12-2016,26.26,26.33,26.09,26.110001,25.318773,3818600
02-12-2016,26.23,26.309999,26.129999,26.23,25.435137,2553600
05-12-2016,26.370001,26.450001,26.290001,26.32,25.522409,1305400
06-12-2016,26.299999,26.379999,26.25,26.360001,25.561197,7082300
07-12-2016,26.42,26.690001,26.370001,26.65,25.842409,1752200
08-12-2016,26.700001,26.879999,26.68,26.860001,26.046047,1263400
09-12-2016,26.940001,27,26.91,26.940001,26.123623,2266600
12-12-2016,27.059999,27.139999,26.969999,27,26.181803,2067700
13-12-2016,27.049999,27.27,27.049999,27.17,26.346651,3101200
14-12-2016,27.139999,27.17,26.540001,26.58,25.77453,3497200
15-12-2016,26.33,26.58,26.280001,26.530001,25.726046,4020900
16-12-2016,26.530001,26.65,26.52,26.59,25.784227,2277700
19-12-2016,26.549999,26.57,26.440001,26.440001,25.638773,1263000
20-12-2016,26.51,26.65,26.51,26.58,25.77453,2458600
21-12-2016,26.389999,26.389999,26.24,26.299999,25.757881,2061800
22-12-2016,26.16,26.23,26.1,26.209999,25.669737,1241300
23-12-2016,26.049999,26.16,26.049999,26.07,25.532621,1076500
27-12-2016,26.15,26.17,26.030001,26.07,25.532621,3307200
28-12-2016,26.09,26.15,25.98,26.02,25.483654,4060900
29-12-2016,25.950001,26.27,25.950001,26.17,25.630562,4137700
30-12-2016,26.280001,26.4,26.08,26.15,25.610973,5172400
03-01-2017,26.18,26.43,26.18,26.299999,25.757881,3723400
04-01-2017,26.559999,26.790001,26.530001,26.74,26.18881,1763200
05-01-2017,26.84,27.09,26.790001,26.940001,26.384691,3203300
06-01-2017,27,27.01,26.809999,26.889999,26.335718,868700
09-01-2017,26.82,26.82,26.610001,26.700001,26.149635,911300
10-01-2017,26.719999,26.870001,26.719999,26.74,26.18881,1137600
11-01-2017,26.68,27.02,26.67,26.99,26.433659,3590500
12-01-2017,27.110001,27.219999,26.85,27,26.443453,2303400
13-01-2017,26.959999,27.17,26.93,27.129999,26.570772,1242200
17-01-2017,27.290001,27.32,27.139999,27.16,26.600153,1570200
18-01-2017,27.129999,27.129999,26.639999,26.709999,26.15943,1951900
19-01-2017,26.73,26.73,26.530001,26.620001,26.071285,3273400
20-01-2017,26.620001,26.870001,26.620001,26.83,26.276957,1966100
23-01-2017,26.82,26.879999,26.629999,26.82,26.267162,7393500
24-01-2017,26.889999,27.35,26.889999,27.299999,26.737268,2296600
25-01-2017,27.4,27.59,27.4,27.540001,26.972322,1459600
26-01-2017,27.52,27.52,27.360001,27.469999,26.903763,2085300
27-01-2017,27.459999,27.49,27.219999,27.26,26.698093,1292600
30-01-2017,27.23,27.23,26.940001,27.01,26.453245,1617700
31-01-2017,27.16,27.27,27,27.18,26.619743,1563000
01-02-2017,27.09,27.18,26.91,27.1,26.541391,1992200
02-02-2017,27.18,27.27,27.1,27.17,26.609949,1630300
03-02-2017,27.25,27.4,27.15,27.27,26.707888,9923500
06-02-2017,27.15,27.190001,26.99,27.08,26.521803,1364700
07-02-2017,26.950001,27.049999,26.92,27,26.443453,2189600
08-02-2017,26.98,27.120001,26.84,27.1,26.541391,1173900
09-02-2017,27.290001,27.35,27.23,27.290001,26.727476,1436000
10-02-2017,27.440001,27.639999,27.42,27.59,27.02129,3185800
13-02-2017,27.639999,27.719999,27.59,27.68,27.109436,1072900
14-02-2017,27.75,27.809999,27.559999,27.77,27.19758,1507200
15-02-2017,27.690001,27.84,27.67,27.83,27.256344,1190400
16-02-2017,27.9,27.92,27.83,27.84,27.266138,1731300
17-02-2017,27.76,27.799999,27.700001,27.780001,27.207375,965900
21-02-2017,27.780001,27.870001,27.73,27.83,27.256344,1136300
22-02-2017,27.709999,27.74,27.59,27.68,27.109436,1288100
23-02-2017,27.870001,27.9,27.59,27.6,27.031086,5880400
24-02-2017,27.530001,27.540001,27.190001,27.219999,26.658916,3111500
27-02-2017,27.209999,27.26,27.059999,27.17,26.609949,3543600
28-02-2017,26.950001,27.07,26.67,26.690001,26.139843,6027100
01-03-2017,26.799999,26.93,26.700001,26.879999,26.325924,12775900
02-03-2017,26.809999,26.860001,26.68,26.68,26.130049,2317300
03-03-2017,26.66,26.879999,26.639999,26.84,26.286751,1515400
06-03-2017,26.77,26.889999,26.65,26.879999,26.325924,2001500
07-03-2017,26.879999,26.9,26.77,26.83,26.276957,2748700
08-03-2017,26.83,26.870001,26.5,26.5,25.953758,3486600
09-03-2017,26.51,26.66,26.370001,26.5,25.953758,2351400
10-03-2017,26.65,26.73,26.389999,26.530001,25.983141,2187700
13-03-2017,26.52,26.690001,26.51,26.66,26.11046,1786300
14-03-2017,26.440001,26.49,26.280001,26.32,25.77747,2484800
15-03-2017,26.42,26.85,26.389999,26.85,26.296543,3751600
16-03-2017,26.9,27.049999,26.85,26.870001,26.316133,2043300
17-03-2017,26.969999,27.030001,26.709999,26.709999,26.15943,2568700
20-03-2017,26.700001,26.74,26.51,26.610001,26.061491,1620600
21-03-2017,26.76,26.9,26.309999,26.309999,25.767673,8127700
22-03-2017,26.219999,26.49,26.129999,26.469999,25.924377,2632500
23-03-2017,26.43,26.709999,26.42,26.57,26.022316,6234100
24-03-2017,26.559999,26.66,26.49,26.530001,25.983141,3051000
27-03-2017,26.48,26.67,26.32,26.620001,26.071285,1880900
28-03-2017,26.629999,26.91,26.629999,26.83,26.276957,1840200
29-03-2017,26.799999,27.040001,26.74,27.040001,26.482628,1678300
30-03-2017,27.08,27.129999,26.870001,26.879999,26.325924,3393200
31-03-2017,26.940001,27.01,26.85,26.879999,26.325924,1948400
03-04-2017,26.84,26.91,26.5,26.780001,26.227989,3569400
04-04-2017,26.629999,26.9,26.610001,26.879999,26.325924,2688100
05-04-2017,26.959999,27.09,26.76,26.77,26.218193,2665800
06-04-2017,26.870001,26.99,26.809999,26.91,26.355307,1699700
07-04-2017,27,27.030001,26.84,26.870001,26.316133,1729600
10-04-2017,26.860001,27.17,26.860001,27.1,26.541391,1386800
11-04-2017,27.120001,27.129999,26.83,27.07,26.512009,2543400
12-04-2017,27.059999,27.17,26.959999,27.049999,26.49242,2565800
13-04-2017,27.08,27.09,26.690001,26.690001,26.139843,3369000
17-04-2017,26.82,27.120001,26.82,27.030001,26.472836,2183900
18-04-2017,26.870001,26.92,26.639999,26.799999,26.247574,2780200
19-04-2017,26.74,26.82,26.440001,26.49,25.943964,1760900
20-04-2017,26.459999,26.719999,26.459999,26.65,26.100666,2545600
21-04-2017,26.530001,26.629999,26.49,26.57,26.022316,1269800
24-04-2017,26.99,26.99,26.790001,26.809999,26.257368,1664600
25-04-2017,26.709999,26.809999,26.66,26.780001,26.227989,1825500
26-04-2017,26.719999,26.84,26.48,26.49,25.943964,3431000
27-04-2017,26.49,26.540001,25.98,26.209999,25.669737,4273400
28-04-2017,26.18,26.34,26.110001,26.26,25.718706,1916300
01-05-2017,26.280001,26.389999,26.219999,26.219999,25.679529,1441700
02-05-2017,26.200001,26.290001,26.129999,26.219999,25.679529,2276200
03-05-2017,26.139999,26.27,26.08,26.129999,25.591385,4991400
04-05-2017,26.01,26.1,25.76,25.809999,25.277981,8855800
05-05-2017,25.85,26.32,25.84,26.290001,25.748089,3069900
08-05-2017,26.33,26.360001,26.200001,26.32,25.77747,2825800
09-05-2017,26.27,26.34,26.02,26.129999,25.591385,3351100
10-05-2017,26.200001,26.389999,26.15,26.370001,25.826439,1850000
11-05-2017,26.200001,26.25,26.08,26.15,25.610973,2533400
12-05-2017,26.139999,26.219999,26,26.110001,25.571798,2348800
15-05-2017,26.35,26.48,26.34,26.370001,25.826439,1585500
16-05-2017,26.51,26.6,26.33,26.34,25.797056,1938900
17-05-2017,26.129999,26.23,25.76,25.799999,25.268187,5423300
18-05-2017,25.75,25.969999,25.58,25.809999,25.277981,3900400
19-05-2017,26,26.33,25.959999,26.280001,25.738295,2896200
22-05-2017,26.280001,26.549999,26.280001,26.43,25.885201,2211100
23-05-2017,26.450001,26.559999,26.360001,26.389999,25.846025,2684700
24-05-2017,26.379999,26.440001,26.219999,26.41,25.865614,1442100
25-05-2017,26.549999,26.629999,26.209999,26.309999,25.767673,2140200
26-05-2017,26.379999,26.41,26.27,26.379999,25.836231,1472500
30-05-2017,26.280001,26.379999,26.27,26.290001,25.748089,2733800
31-05-2017,26.24,26.309999,26.02,26.16,25.620768,3896300
01-06-2017,26.139999,26.450001,26.139999,26.35,25.80685,2163400
02-06-2017,26.35,26.41,26.25,26.34,25.797056,1938400
05-06-2017,26.35,26.389999,26.16,26.35,25.80685,1805800
06-06-2017,26.389999,26.49,26.25,26.49,25.943964,1717100
07-06-2017,26.43,26.559999,26.139999,26.18,25.640356,3433200
08-06-2017,26.190001,26.309999,26.17,26.299999,25.757881,2750000
09-06-2017,26.35,26.610001,26.33,26.51,25.963554,2708400
12-06-2017,26.530001,26.75,26.48,26.58,26.032108,4025300
13-06-2017,26.780001,26.790001,26.620001,26.75,26.198606,2838500
14-06-2017,26.93,26.93,26.379999,26.42,25.875408,2256800
15-06-2017,26.17,26.370001,26.110001,26.32,25.77747,2766300
16-06-2017,26.440001,26.559999,26.25,26.549999,26.002728,2389300
19-06-2017,26.66,26.76,26.540001,26.629999,26.081079,2116300
20-06-2017,26.35,26.35,26.08,26.1,25.770061,3325700
21-06-2017,26.07,26.23,25.92,25.98,25.651579,2070700
22-06-2017,26.139999,26.4,26.110001,26.26,25.92804,3840600
23-06-2017,26.17,26.450001,26.120001,26.360001,26.026775,1422400
26-06-2017,26.440001,26.6,26.33,26.43,26.09589,1699300
27-06-2017,26.559999,26.629999,26.43,26.540001,26.2045,1935000
28-06-2017,26.65,27,26.65,26.969999,26.629063,2403000
29-06-2017,26.99,26.99,26.629999,26.790001,26.45134,4298400
30-06-2017,26.950001,26.950001,26.620001,26.76,26.421719,2408400
03-07-2017,27,27.059999,26.85,26.940001,26.599443,3206300
05-07-2017,26.75,26.93,26.48,26.76,26.421719,5581500
06-07-2017,26.690001,26.85,26.620001,26.65,26.313108,2804700
07-07-2017,26.719999,26.77,26.5,26.76,26.421719,2140800
10-07-2017,26.700001,26.99,26.65,26.9,26.559948,2315200
11-07-2017,26.82,26.9,26.690001,26.879999,26.540201,1727900
12-07-2017,27,27.450001,26.99,27.290001,26.945019,4101200
13-07-2017,27.280001,27.360001,27.209999,27.33,26.984512,2076600
14-07-2017,27.370001,27.610001,27.360001,27.549999,27.201731,1251800
17-07-2017,27.559999,27.639999,27.41,27.43,27.08325,1523800
18-07-2017,27.559999,27.65,27.370001,27.540001,27.191858,1607500
19-07-2017,27.66,27.84,27.65,27.790001,27.4387,1422500
20-07-2017,27.84,27.959999,27.790001,27.860001,27.507814,1523100
21-07-2017,27.889999,27.9,27.639999,27.799999,27.44857,1256100
24-07-2017,27.85,27.85,27.68,27.82,27.468319,1069300
25-07-2017,27.9,28.120001,27.870001,27.940001,27.586802,1133400
26-07-2017,28.01,28.15,27.82,27.98,27.626295,3559200
27-07-2017,27.98,28.02,27.58,27.77,27.418951,2317600
28-07-2017,27.84,27.940001,27.799999,27.9,27.547308,2701900
31-07-2017,27.860001,28.02,27.77,27.9,27.547308,2722700
01-08-2017,27.950001,28,27.57,27.83,27.478191,3350500
02-08-2017,27.75,27.959999,27.74,27.9,27.547308,1680800
03-08-2017,27.84,27.98,27.719999,27.77,27.418951,1745800
04-08-2017,27.780001,27.85,27.620001,27.77,27.418951,1345200
07-08-2017,27.66,27.75,27.58,27.74,27.38933,943600
08-08-2017,27.66,27.780001,27.610001,27.700001,27.349836,1710800
09-08-2017,27.549999,27.639999,27.450001,27.549999,27.201731,1603300
10-08-2017,27.540001,27.57,27.139999,27.17,26.826536,3018200
11-08-2017,27.24,27.290001,27.120001,27.209999,26.86603,3819600
14-08-2017,27.25,27.5,27.209999,27.299999,26.954891,2861500
15-08-2017,27.26,27.280001,27.16,27.209999,26.86603,1753300
16-08-2017,27.290001,27.469999,27.290001,27.41,27.063501,2439400
17-08-2017,27.360001,27.440001,27.209999,27.219999,26.875902,2115800
18-08-2017,27.35,27.370001,27.18,27.27,26.925272,1637900
21-08-2017,27.299999,27.33,27.200001,27.309999,26.964766,1144800
22-08-2017,27.440001,27.450001,27.370001,27.4,27.053627,1217200
23-08-2017,27.209999,27.629999,27.200001,27.58,27.231352,2088700
24-08-2017,27.65,27.73,27.559999,27.639999,27.290594,1343900
25-08-2017,27.74,27.790001,27.66,27.719999,27.369583,955100
28-08-2017,27.799999,27.799999,27.559999,27.620001,27.270847,1026600
29-08-2017,27.540001,27.65,27.370001,27.65,27.300467,1988500
30-08-2017,27.610001,27.610001,27.450001,27.530001,27.181986,1856300
31-08-2017,27.719999,27.950001,27.66,27.870001,27.517687,2962600
01-09-2017,28.02,28.17,27.98,28.110001,27.754654,3436300
05-09-2017,28.08,28.129999,27.77,27.889999,27.537434,1944000
06-09-2017,27.9,28.41,27.889999,28.209999,27.853388,8831600
07-09-2017,28.41,28.43,28.280001,28.379999,28.021238,1406300
08-09-2017,28.42,28.42,28.24,28.280001,27.922504,2354100
11-09-2017,28.379999,28.49,28.33,28.48,28.119974,1404300
12-09-2017,28.459999,28.559999,28.370001,28.5,28.139723,1949600
13-09-2017,28.559999,28.57,28.42,28.49,28.129848,1595300
14-09-2017,28.379999,28.610001,28.379999,28.6,28.238459,4542700
15-09-2017,28.65,28.67,28.51,28.59,28.228584,2113000
18-09-2017,28.629999,28.68,28.370001,28.49,28.129848,2644100
19-09-2017,28.58,28.700001,28.51,28.639999,28.277952,1545000
20-09-2017,28.76,28.950001,28.51,28.690001,28.327322,2484300
21-09-2017,28.65,28.879999,28.629999,28.83,28.465551,3529100
22-09-2017,28.879999,28.950001,28.73,28.809999,28.445803,1242300
25-09-2017,28.809999,28.9,28.75,28.84,28.475424,1503700
26-09-2017,28.870001,28.879999,28.690001,28.809999,28.445803,1570600
27-09-2017,28.809999,28.98,28.799999,28.83,28.465551,5054300
28-09-2017,28.82,29.01,28.82,28.940001,28.574162,1658200
29-09-2017,28.85,29.040001,28.85,28.940001,28.574162,4560400
02-10-2017,28.91,29.040001,28.84,28.959999,28.593906,2376400
03-10-2017,28.959999,29.1,28.959999,29.08,28.712391,1548600
04-10-2017,29.110001,29.16,29.040001,29.110001,28.742012,2856900
05-10-2017,28.98,29.1,28.959999,28.99,28.623528,2151500
06-10-2017,28.969999,28.969999,28.85,28.950001,28.584034,1213200
09-10-2017,29,29.049999,28.93,28.959999,28.593906,725800
10-10-2017,29.15,29.190001,29.09,29.110001,28.742012,1520300
11-10-2017,29.16,29.290001,29.139999,29.280001,28.909863,1606700
12-10-2017,29.219999,29.25,29.139999,29.18,28.811127,2244600
13-10-2017,29.24,29.299999,29.200001,29.26,28.890116,1472800
16-10-2017,29.209999,29.26,29.139999,29.17,28.801252,2572400
17-10-2017,29.129999,29.200001,29.040001,29.16,28.79138,1856700
18-10-2017,29.299999,29.34,29.23,29.280001,28.909863,1276700
19-10-2017,29.18,29.379999,29.17,29.33,28.95923,1035800
20-10-2017,29.23,29.23,29.07,29.1,28.732138,1624400
23-10-2017,29.08,29.129999,29.01,29.030001,28.663023,2262800
24-10-2017,29.1,29.16,29.01,29.040001,28.672897,1337900
25-10-2017,29.040001,29.059999,28.6,28.719999,28.356941,2943300
26-10-2017,28.719999,28.77,28.639999,28.65,28.287827,1904500
27-10-2017,28.549999,28.83,28.5,28.83,28.465551,1677900
30-10-2017,28.75,28.93,28.75,28.92,28.554413,1636300
31-10-2017,28.82,28.91,28.76,28.790001,28.426058,1934900
01-11-2017,28.91,28.98,28.83,28.889999,28.524792,2038900
02-11-2017,28.889999,29,28.870001,28.969999,28.603781,1567700
03-11-2017,29.07,29.139999,28.99,29.110001,28.742012,2124900
06-11-2017,29.120001,29.35,29.08,29.33,28.95923,1554500
07-11-2017,29.26,29.290001,29.139999,29.27,28.89999,1840600
08-11-2017,29.32,29.389999,29.25,29.35,28.978977,1696800
09-11-2017,29.280001,29.450001,29.219999,29.41,29.038219,2263200
10-11-2017,29.389999,29.440001,29.25,29.32,28.949356,4320800
13-11-2017,29.190001,29.33,29.17,29.200001,28.830875,1236600
14-11-2017,29.07,29.16,28.959999,29.01,28.643276,1773200
15-11-2017,28.780001,28.950001,28.75,28.9,28.534666,1869300
16-11-2017,28.889999,29.07,28.85,29.02,28.653151,1728800
17-11-2017,28.959999,29.1,28.9,29.049999,28.68277,1667400
20-11-2017,29.040001,29.09,28.969999,29.040001,28.672897,2322400
21-11-2017,29.1,29.309999,29.1,29.18,28.811127,1674600
22-11-2017,29.309999,29.41,29.27,29.389999,29.018471,1794600
24-11-2017,29.35,29.450001,29.35,29.41,29.038219,727300
27-11-2017,29.440001,29.450001,29.15,29.16,28.79138,1502900
28-11-2017,29.16,29.17,29.02,29.07,28.702517,2051500
29-11-2017,29.030001,29.030001,28.77,28.860001,28.495173,1816200
30-11-2017,28.950001,29.049999,28.92,28.940001,28.574162,4466800
01-12-2017,29.25,29.42,29.190001,29.370001,28.998726,3490500
04-12-2017,29.469999,29.52,29.200001,29.209999,28.840746,1790400
05-12-2017,29.280001,29.34,29.129999,29.129999,28.761757,2230200
06-12-2017,29.15,29.219999,28.91,28.91,28.54454,2925600
07-12-2017,28.85,29.09,28.76,29.040001,28.672897,1100300
08-12-2017,29.15,29.17,29.059999,29.139999,28.771631,1086700
11-12-2017,29.059999,29.23,29.059999,29.16,28.79138,1788400
12-12-2017,29.219999,29.23,29.120001,29.200001,28.830875,1395400
13-12-2017,29.280001,29.370001,29.219999,29.280001,28.909863,2406600
14-12-2017,29.25,29.360001,29.16,29.190001,28.821001,1385700
15-12-2017,29.309999,29.309999,28.99,29,28.633402,1583900
18-12-2017,29.17,29.35,29.129999,29.190001,28.821001,1806000
19-12-2017,28.790001,28.889999,28.77,28.790001,28.790001,2425000
20-12-2017,28.879999,28.940001,28.77,28.91,28.91,2106100
21-12-2017,29.08,29.24,29,29.15,29.15,1979100
22-12-2017,29.08,29.18,29.02,29.17,29.17,1407800
26-12-2017,29.200001,29.309999,29.190001,29.26,29.26,872100
27-12-2017,29.41,29.440001,29.32,29.379999,29.379999,2107200
28-12-2017,29.5,29.629999,29.41,29.620001,29.620001,1822000
29-12-2017,29.780001,29.82,29.559999,29.639999,29.639999,3205000
